{"cameraMode":{"drawMode":0,"name":"Shaded","section":"Shading Mode"},"sceneLighting":false,"audioPlay":false,"sceneViewState":{"showFog":true,"showMaterialUpdate":false,"showSkybox":false,"showFlares":true,"showImageEffects":true,"showParticleSystems":true},"in2DMode":false,"pivot":{"x":2.9802322387695315e-8,"y":0.0,"z":-5.960464477539063e-8},"rotation":{"x":-0.05628075823187828,"y":-0.751418948173523,"z":0.06463782489299774,"w":-0.6542636156082153},"size":0.43301570415496828,"orthographic":false}