{"cameraMode":{"drawMode":0,"name":"Shaded","section":"Shading Mode"},"sceneLighting":false,"audioPlay":false,"sceneViewState":{"showFog":true,"showMaterialUpdate":false,"showSkybox":true,"showFlares":true,"showImageEffects":true,"showParticleSystems":true},"in2DMode":false,"pivot":{"x":0.9607815146446228,"y":-0.23522377014160157,"z":-8.037331581115723},"rotation":{"x":0.16181908547878266,"y":0.33315566182136538,"z":-0.058152634650468829,"w":0.927060067653656},"size":2.22507381439209,"orthographic":false}