{"cameraMode":{"drawMode":0,"name":"Shaded","section":"Shading Mode"},"sceneLighting":false,"audioPlay":false,"sceneViewState":{"m_AlwaysRefresh":false,"showFog":false,"showSkybox":false,"showFlares":false,"showImageEffects":false,"showParticleSystems":false,"showVisualEffectGraphs":true,"m_FxEnabled":true},"in2DMode":false,"pivot":{"x":0.0683751106262207,"y":0.7863724231719971,"z":0.13750219345092774},"rotation":{"x":-0.0017519727116450668,"y":-0.9978084564208984,"z":0.02875230833888054,"w":-0.06020190939307213},"size":0.8660253882408142,"orthographic":false}