{"cameraMode":{"drawMode":0,"name":"Shaded","section":"Shading Mode"},"sceneLighting":false,"audioPlay":false,"sceneViewState":{"m_AlwaysRefresh":false,"showFog":true,"showSkybox":false,"showFlares":true,"showImageEffects":true,"showParticleSystems":true,"showVisualEffectGraphs":true,"m_FxEnabled":true},"in2DMode":false,"pivot":{"x":-0.005851805210113525,"y":0.6100000143051148,"z":0.00033360719680786133},"rotation":{"x":0.15108832716941834,"y":0.3545660078525543,"z":-0.05816856026649475,"w":0.9209380149841309},"size":2.384434938430786,"orthographic":false}